Samples	Class
CAMRSA1	1
CAMRSA2	1
CAMRSA5	1
CAMRSA7	0
CAMRSA8	1
CAMRSA9	1
CAMRSA10	1
CAMRSA11	1
CAMRSA12	1
CAMRSA13	1
CAMRSA14	1
CAMRSA16	1
CAMRSA17	1
CAMRSA18	1
CAMRSA19	1
CAMRSA20	1
CAMRSA21	1
CAMRSA22	0
CAMRSA23	1
CAMRSA24	0
CAMRSA25	0
CAMRSA26	1
CAMRSA27	1
CAMRSA28	0
CAMRSA29	1
CAMRSA30	1
CAMRSA31	1
CAMRSA32	0
CAMRSA33	1
CAMRSA34	0
CAMRSA35	0
CAMRSA36	1
CAMRSA38	1
CAMRSA39	0
CAMRSA40	1
CAMRSA41	1
CAMRSA42	0
CAMRSA43	1
CAMRSA45	1
CAMRSA46	0
CAMRSA47	0
CAMRSA49	0
CAMRSA50	0
CAMRSA52	1
CAMRSA53	1
CAMRSA54	1
CAMRSA55	1
CAMRSA56	1
CAMRSA57	1
CAMRSA58	1
CAMRSA59	1
CAMRSA62	0
CAMRSA63	0
CAMRSA64	1
CAMRSA66	0
CAMRSA76	1
CAMRSA78	1
CAMRSA87	1
CAMRSA88	1
CAMRSA89	1
CAMRSA90	1
CAMRSA91	1
CAMRSA92	1
CAMRSA93	1
CAMRSA94	1
CAMRSA96	1
CAMRSA104	1
CAMRSA105	1
CAMRSA108	1
CAMRSA112	1
CAMRSA115	1
CAMRSA117	1
CAMRSA119	1
CAMRSA127	1
CAMRSA128	1
CAMRSA129	1
CAMRSA130	1
CAMRSA131	1
CAMRSA132	1
CAMRSA138	1
CAMRSA140	1
CAMRSA141	1
CAMRSA142	1
CAMRSA143	1
CAMRSA148	1
CAMRSA150	0
CAMRSA151	1
CAMRSA152	0
CAMRSA153	1
CAMRSA154	1
CAMRSA155	0
CAMRSA156	0
CAMRSA162	1
CAMRSA163	1
CAMRSA164	0
CAMRSA165	1
CAMRSA167	1
CAMRSA168	1
CAMRSA177	1
CAMRSA185	1
CAMRSA188	1
CAMRSA190	1
CAMRSA198	1
CAMRSA200	1
AA1	1
AA2	1
AA3	1
AA4	1
AA5	1
AA6	0
AA8	1
AA11	0
AA13	1
AA14	1
AA17	0
AA18	1
AA19	1
AA20	0
AA22	1
AA23	1
AA27	1
AA28	1
AA29	1
AA30	1
AA31	1
AA32	0
AA33	1
AA35	0
AA36	1
AA39	0
AA41	0
AA44	1
AA45	1
AA46	1
AA50	1
AA51	1
AA52	1
AA53	0
AA55	1
AA57	1
AA59	0
AA60	1
AA61	1
AA62	1
AA63	1
AA64	1
AA65	0
AA67	1
AA68	1
AA69	1
AA70	0
AA77	0
AA78	0
AA79	1
AA80	0
AA87	0
AA91	1
AA92	1
AA93	1
AA94	1
AA95	1
AA99	0
AA100	1
AA102	1
AA103	1
HAMRSA25	0
HAMRSA26	0
HAMRSA27	0
HAMRSA36	0
HAMRSA37	0
HAMRSA38	0
HAMRSA39	0
HAMRSA40	0
HAMRSA47	1
HAMRSA50	0
HAMRSA56	0
HAMRSA59	0
HAMRSA61	0
