Sample	Class
CAMRSA1	3
CAMRSA2	3
CAMRSA5	2
CAMRSA7	1
CAMRSA8	2
CAMRSA9	2
CAMRSA10	3
CAMRSA11	3
CAMRSA12	2
CAMRSA13	2
CAMRSA14	2
CAMRSA16	2
CAMRSA17	2
CAMRSA18	2
CAMRSA19	2
CAMRSA20	2
CAMRSA21	3
CAMRSA22	1
CAMRSA23	2
CAMRSA24	1
CAMRSA25	1
CAMRSA26	2
CAMRSA27	2
CAMRSA28	1
CAMRSA29	2
CAMRSA30	2
CAMRSA31	2
CAMRSA32	1
CAMRSA33	3
CAMRSA34	1
CAMRSA35	1
CAMRSA36	2
CAMRSA38	2
CAMRSA39	1
CAMRSA40	2
CAMRSA41	2
CAMRSA42	1
CAMRSA43	2
CAMRSA45	3
CAMRSA46	1
CAMRSA47	0
CAMRSA49	1
CAMRSA50	1
CAMRSA52	3
CAMRSA53	3
CAMRSA54	2
CAMRSA55	3
CAMRSA56	2
CAMRSA57	3
CAMRSA58	2
CAMRSA59	3
CAMRSA62	0
CAMRSA63	1
CAMRSA64	3
CAMRSA66	1
CAMRSA76	3
CAMRSA78	3
CAMRSA87	3
CAMRSA88	3
CAMRSA89	3
CAMRSA90	3
CAMRSA91	3
CAMRSA92	3
CAMRSA93	2
CAMRSA94	3
CAMRSA96	2
CAMRSA104	3
CAMRSA105	3
CAMRSA108	2
CAMRSA112	3
CAMRSA115	3
CAMRSA117	3
CAMRSA119	3
CAMRSA127	2
CAMRSA128	2
CAMRSA129	3
CAMRSA130	3
CAMRSA131	3
CAMRSA132	3
CAMRSA138	3
CAMRSA140	2
CAMRSA141	2
CAMRSA142	2
CAMRSA143	3
CAMRSA148	2
CAMRSA150	1
CAMRSA151	3
CAMRSA152	1
CAMRSA153	3
CAMRSA154	2
CAMRSA155	1
CAMRSA156	1
CAMRSA162	2
CAMRSA163	3
CAMRSA164	1
CAMRSA165	3
CAMRSA167	2
CAMRSA168	2
CAMRSA177	3
CAMRSA185	2
CAMRSA188	2
CAMRSA190	2
CAMRSA198	2
CAMRSA200	2
AA1	3
AA2	2
AA3	2
AA4	3
AA5	3
AA6	1
AA8	3
AA11	1
AA13	3
AA14	3
AA17	0
AA18	3
AA19	3
AA20	1
AA22	3
AA23	3
AA27	3
AA28	2
AA29	3
AA30	3
AA31	3
AA32	1
AA33	3
AA35	1
AA36	2
AA39	1
AA41	0
AA44	3
AA45	3
AA46	3
AA50	3
AA51	3
AA52	3
AA53	1
AA55	3
AA57	3
AA59	1
AA60	2
AA61	3
AA62	3
AA63	3
AA64	3
AA65	1
AA67	2
AA68	2
AA69	2
AA70	1
AA77	1
AA78	1
AA79	3
AA80	0
AA87	1
AA91	3
AA92	3
AA93	3
AA94	3
AA95	3
AA99	0
AA100	3
AA102	3
AA103	2
HAMRSA25	1
HAMRSA26	1
HAMRSA27	1
HAMRSA36	0
HAMRSA37	1
HAMRSA38	1
HAMRSA39	1
HAMRSA40	1
HAMRSA47	2
HAMRSA50	1
HAMRSA56	1
HAMRSA59	1
HAMRSA61	1
