Samples	Class
CAMRSA47	0
CAMRSA62	0
AA17	0
AA41	0
AA80	0
AA99	0
HAMRSA36	0
CAMRSA1	1
CAMRSA2	1
CAMRSA10	1
CAMRSA11	1
CAMRSA21	1
CAMRSA33	1
CAMRSA45	1
CAMRSA52	1
CAMRSA53	1
CAMRSA55	1
CAMRSA57	1
CAMRSA59	1
CAMRSA64	1
CAMRSA76	1
CAMRSA78	1
CAMRSA87	1
CAMRSA88	1
CAMRSA89	1
CAMRSA90	1
CAMRSA91	1
CAMRSA92	1
CAMRSA94	1
CAMRSA104	1
CAMRSA105	1
CAMRSA112	1
CAMRSA115	1
CAMRSA117	1
CAMRSA119	1
CAMRSA129	1
CAMRSA130	1
CAMRSA131	1
CAMRSA132	1
CAMRSA138	1
CAMRSA143	1
CAMRSA151	1
CAMRSA153	1
CAMRSA163	1
CAMRSA165	1
CAMRSA177	1
AA1	1
AA4	1
AA5	1
AA8	1
AA13	1
AA14	1
AA18	1
AA19	1
AA22	1
AA23	1
AA27	1
AA29	1
AA30	1
AA31	1
AA33	1
AA44	1
AA45	1
AA46	1
AA50	1
AA51	1
AA52	1
AA55	1
AA57	1
AA61	1
AA62	1
AA63	1
AA64	1
AA79	1
AA91	1
AA92	1
AA93	1
AA94	1
AA95	1
AA100	1
AA102	1
